<?xml version="1.0" encoding="UTF-8"?>
<project-private xmlns="http://www.netbeans.org/ns/project-private/1">
    <editor-bookmarks xmlns="http://www.netbeans.org/ns/editor-bookmarks/2" lastBookmarkId="0"/>
    <open-files xmlns="http://www.netbeans.org/ns/projectui-open-files/2">
        <group>
            <file>file:/C:/Users/arthu/Downloads/Projeto%20melhorado/Desktop/Projeto1/src/produto/Funcionario.java</file>
            <file>file:/C:/Users/arthu/Downloads/Projeto%20melhorado/Desktop/Projeto1/src/telas/TelaPrincipal.java</file>
            <file>file:/C:/Users/arthu/Downloads/Projeto%20melhorado/Desktop/Projeto1/src/telas/TelaFuncionarioProduto.java</file>
            <file>file:/C:/Users/arthu/Downloads/Projeto%20melhorado/Desktop/Projeto1/src/telas/TelaFuncionario.java</file>
            <file>file:/C:/Users/arthu/Downloads/Projeto%20melhorado/Desktop/Projeto1/src/telas/Cadastro.java</file>
            <file>file:/C:/Users/arthu/Downloads/Projeto%20melhorado/Desktop/Projeto1/src/telas/TelaLogin.java</file>
            <file>file:/C:/Users/arthu/Downloads/Projeto%20melhorado/Desktop/Projeto1/src/entidades/DAO/UsuarioDAO.java</file>
        </group>
    </open-files>
</project-private>
